<?xml version="1.0" encoding="UTF-8"?>
<export version="E">
  <design>
    <source>/github/workspace/KibotTest.kicad_sch</source>
    <date>Sun Jun  5 00:02:57 2022</date>
    <tool>Eeschema 6.0.4+dfsg-1~bpo11+1</tool>
    <sheet number="1" name="/" tstamps="/">
      <title_block>
        <title/>
        <company/>
        <rev/>
        <date/>
        <source>KibotTest.kicad_sch</source>
        <comment number="1" value=""/>
        <comment number="2" value=""/>
        <comment number="3" value=""/>
        <comment number="4" value=""/>
        <comment number="5" value=""/>
        <comment number="6" value=""/>
        <comment number="7" value=""/>
        <comment number="8" value=""/>
        <comment number="9" value=""/>
      </title_block>
    </sheet>
  </design>
  <components>
    <comp ref="D1">
      <value>LED</value>
      <footprint>LED_SMD:LED_0805_2012Metric</footprint>
      <libsource lib="Device" part="LED" description="Light emitting diode"/>
      <property name="Sheetname" value=""/>
      <property name="Sheetfile" value="KibotTest.kicad_sch"/>
      <sheetpath names="/" tstamps="/"/>
      <tstamps>71386bb0-62f1-448c-9917-4dcdf3a4d9f6</tstamps>
    </comp>
    <comp ref="J1">
      <value>Conn_01x02</value>
      <footprint>Connector_JST:JST_EH_B2B-EH-A_1x02_P2.50mm_Vertical</footprint>
      <libsource lib="Connector_Generic" part="Conn_01x02" description="Generic connector, single row, 01x02, script generated (kicad-library-utils/schlib/autogen/connector/)"/>
      <property name="Sheetname" value=""/>
      <property name="Sheetfile" value="KibotTest.kicad_sch"/>
      <sheetpath names="/" tstamps="/"/>
      <tstamps>753f8f87-69ab-4027-a1d6-f17e3a62102c</tstamps>
    </comp>
    <comp ref="R1">
      <value>R</value>
      <footprint>Resistor_SMD:R_0805_2012Metric_Pad1.20x1.40mm_HandSolder</footprint>
      <libsource lib="Device" part="R" description="Resistor"/>
      <property name="Sheetname" value=""/>
      <property name="Sheetfile" value="KibotTest.kicad_sch"/>
      <sheetpath names="/" tstamps="/"/>
      <tstamps>283ba22c-1303-41b9-b454-a599bc9e78ae</tstamps>
    </comp>
  </components>
  <libparts>
    <libpart lib="Connector_Generic" part="Conn_01x02">
      <description>Generic connector, single row, 01x02, script generated (kicad-library-utils/schlib/autogen/connector/)</description>
      <docs>~</docs>
      <footprints>
        <fp>Connector*:*_1x??_*</fp>
      </footprints>
      <fields>
        <field name="Reference">J1</field>
        <field name="Value">Conn_01x02</field>
        <field name="Footprint">Connector_JST:JST_EH_B2B-EH-A_1x02_P2.50mm_Vertical</field>
        <field name="Datasheet">~</field>
      </fields>
      <pins>
        <pin num="1" name="Pin_1" type="power_out"/>
        <pin num="2" name="Pin_2" type="power_out"/>
      </pins>
    </libpart>
    <libpart lib="Device" part="LED">
      <description>Light emitting diode</description>
      <docs>~</docs>
      <footprints>
        <fp>LED*</fp>
        <fp>LED_SMD:*</fp>
        <fp>LED_THT:*</fp>
      </footprints>
      <fields>
        <field name="Reference">D</field>
        <field name="Value">LED</field>
        <field name="Datasheet">~</field>
      </fields>
      <pins>
        <pin num="1" name="K" type="passive"/>
        <pin num="2" name="A" type="passive"/>
      </pins>
    </libpart>
    <libpart lib="Device" part="R">
      <description>Resistor</description>
      <docs>~</docs>
      <footprints>
        <fp>R_*</fp>
      </footprints>
      <fields>
        <field name="Reference">R</field>
        <field name="Value">R</field>
        <field name="Datasheet">~</field>
      </fields>
      <pins>
        <pin num="1" name="" type="passive"/>
        <pin num="2" name="" type="passive"/>
      </pins>
    </libpart>
  </libparts>
  <libraries>
    <library logical="Connector_Generic">
      <uri>/usr/share/kicad/symbols//Connector_Generic.kicad_sym</uri>
    </library>
    <library logical="Device">
      <uri>/usr/share/kicad/symbols//Device.kicad_sym</uri>
    </library>
  </libraries>
  <nets>
    <net code="1" name="+5V">
      <node ref="D1" pin="2" pinfunction="A" pintype="passive"/>
      <node ref="J1" pin="1" pinfunction="Pin_1" pintype="power_out"/>
    </net>
    <net code="2" name="GND">
      <node ref="J1" pin="2" pinfunction="Pin_2" pintype="power_out"/>
      <node ref="R1" pin="2" pintype="passive"/>
    </net>
    <net code="3" name="Net-(D1-Pad1)">
      <node ref="D1" pin="1" pinfunction="K" pintype="passive"/>
      <node ref="R1" pin="1" pintype="passive"/>
    </net>
  </nets>
</export>
